{
  "mobility_strategy": {
    "avg_reward": 2261.090246311335,
    "std_reward": 1622.5083232178115,
    "avg_max_tile": 91.9375,
    "avg_moves": 128.35546875,
    "avg_invalid_rate_eval": 0.0,
    "cap_hit_rate_eval": 0.0,
    "avg_empty_tiles_per_step_eval": 3.6935811645070333,
    "corner_hold_rate_eval": 0.06895802543365971,
    "reward_kwargs": {
      "empty_tile": 0.4,
      "step_penalty": -0.25
    },
    "train_metrics_curve": {
      "timesteps": [
        100000,
        200000,
        300000,
        400000,
        500000,
        600000,
        700000,
        800000,
        900000,
        1000000
      ],
      "invalid_move_rates": [
        0.0,
        0.0,
        0.0,
        0.0,
        0.0,
        0.0,
        0.0,
        0.0,
        0.0,
        0.0
      ],
      "empty_tiles_avgs": [
        4.6791,
        4.71058,
        4.70182,
        4.75564,
        4.70893,
        4.70096,
        4.65525,
        4.67513,
        4.68449,
        4.70538
      ],
      "max_in_corner_rates": [
        0.02824,
        0.02933,
        0.03066,
        0.02759,
        0.0317,
        0.02837,
        0.02976,
        0.02932,
        0.03046,
        0.02743
      ],
      "max_tile_avgs": [
        63.84222,
        63.78156,
        65.59092,
        64.54846,
        65.21018,
        62.68166,
        66.3054,
        63.36674,
        64.51848,
        63.26506
      ]
    }
  }
}